Emoji,Country,Unicode
ğŸ‡¦ğŸ‡«,Afghanistan,\U1F1E6\U1F1EB
ğŸ‡¦ğŸ‡½,Ã…land Islands,\U1F1E6\U1F1FD
ğŸ‡¦ğŸ‡±,Albania,\U1F1E6\U1F1F1
ğŸ‡©ğŸ‡¿,Algeria,\U1F1E9\U1F1FF
ğŸ‡¦ğŸ‡¸,American Samoa,\U1F1E6\U1F1F8
ğŸ‡¦ğŸ‡©,Andorra,\U1F1E6\U1F1E9
ğŸ‡¦ğŸ‡´,Angola,\U1F1E6\U1F1F4
ğŸ‡¦ğŸ‡®,Anguilla,\U1F1E6\U1F1EE
ğŸ‡¦ğŸ‡¶,Antarctica,\U1F1E6\U1F1F6
ğŸ‡¦ğŸ‡¬,Antigua and Barbuda,\U1F1E6\U1F1EC
ğŸ‡¦ğŸ‡·,Argentina,\U1F1E6\U1F1F7
ğŸ‡¦ğŸ‡²,Armenia,\U1F1E6\U1F1F2
ğŸ‡¦ğŸ‡¼,Aruba,\U1F1E6\U1F1FC
ğŸ‡¦ğŸ‡º,Australia,\U1F1E6\U1F1FA
ğŸ‡¦ğŸ‡¹,Austria,\U1F1E6\U1F1F9
ğŸ‡¦ğŸ‡¿,Azerbaijan,\U1F1E6\U1F1FF
ğŸ‡§ğŸ‡¸,Bahamas,\U1F1E7\U1F1F8
ğŸ‡§ğŸ‡­,Bahrain,\U1F1E7\U1F1ED
ğŸ‡§ğŸ‡©,Bangladesh,\U1F1E7\U1F1E9
ğŸ‡§ğŸ‡§,Barbados,\U1F1E7\U1F1E7
ğŸ‡§ğŸ‡¾,Belarus,\U1F1E7\U1F1FE
ğŸ‡§ğŸ‡ª,Belgium,\U1F1E7\U1F1EA
ğŸ‡§ğŸ‡¿,Belize,\U1F1E7\U1F1FF
ğŸ‡§ğŸ‡¯,Benin,\U1F1E7\U1F1EF
ğŸ‡§ğŸ‡²,Bermuda,\U1F1E7\U1F1F2
ğŸ‡§ğŸ‡¹,Bhutan,\U1F1E7\U1F1F9
ğŸ‡§ğŸ‡´,Bolivia,\U1F1E7\U1F1F4
ğŸ‡§ğŸ‡¦,Bosnia and Herzegovina,\U1F1E7\U1F1E6
ğŸ‡§ğŸ‡¼,Botswana,\U1F1E7\U1F1FC
ğŸ‡§ğŸ‡»,Bouvet Island,\U1F1E7\U1F1FB
ğŸ‡§ğŸ‡·,Brazil,\U1F1E7\U1F1F7
ğŸ‡®ğŸ‡´,British Indian Ocean Territory,\U1F1EE\U1F1F4
ğŸ‡§ğŸ‡³,Brunei,\U1F1E7\U1F1F3
ğŸ‡§ğŸ‡¬,Bulgaria,\U1F1E7\U1F1EC
ğŸ‡§ğŸ‡«,Burkina Faso,\U1F1E7\U1F1EB
ğŸ‡§ğŸ‡®,Burundi,\U1F1E7\U1F1EE
ğŸ‡°ğŸ‡­,Cambodia,\U1F1F0\U1F1ED
ğŸ‡¨ğŸ‡²,Cameroon,\U1F1E8\U1F1F2
ğŸ‡¨ğŸ‡¦,Canada,\U1F1E8\U1F1E6
ğŸ‡¨ğŸ‡»,Cape Verde,\U1F1E8\U1F1FB
ğŸ‡§ğŸ‡¶,Caribbean Netherlands,\U1F1E7\U1F1F6
ğŸ‡°ğŸ‡¾,Cayman Islands,\U1F1F0\U1F1FE
ğŸ‡¨ğŸ‡«,Central African Republic,\U1F1E8\U1F1EB
ğŸ‡¹ğŸ‡©,Chad,\U1F1F9\U1F1E9
ğŸ‡¨ğŸ‡±,Chile,\U1F1E8\U1F1F1
ğŸ‡¨ğŸ‡³,China,\U1F1E8\U1F1F3
ğŸ‡¨ğŸ‡½,Christmas Island,\U1F1E8\U1F1FD
ğŸ‡¨ğŸ‡¨,Cocos (Keeling) Islands,\U1F1E8\U1F1E8
ğŸ‡¨ğŸ‡´,Colombia,\U1F1E8\U1F1F4
ğŸ‡°ğŸ‡²,Comoros,\U1F1F0\U1F1F2
ğŸ‡¨ğŸ‡¬,Republic of the Congo,\U1F1E8\U1F1EC
ğŸ‡¨ğŸ‡©,DR Congo,\U1F1E8\U1F1E9
ğŸ‡¨ğŸ‡°,Cook Islands,\U1F1E8\U1F1F0
ğŸ‡¨ğŸ‡·,Costa Rica,\U1F1E8\U1F1F7
ğŸ‡¨ğŸ‡®,CÃ´te d'Ivoire (Ivory Coast),\U1F1E8\U1F1EE
ğŸ‡­ğŸ‡·,Croatia,\U1F1ED\U1F1F7
ğŸ‡¨ğŸ‡º,Cuba,\U1F1E8\U1F1FA
ğŸ‡¨ğŸ‡¼,CuraÃ§ao,\U1F1E8\U1F1FC
ğŸ‡¨ğŸ‡¾,Cyprus,\U1F1E8\U1F1FE
ğŸ‡¨ğŸ‡¿,Czechia,\U1F1E8\U1F1FF
ğŸ‡©ğŸ‡°,Denmark,\U1F1E9\U1F1F0
ğŸ‡©ğŸ‡¯,Djibouti,\U1F1E9\U1F1EF
ğŸ‡©ğŸ‡²,Dominica,\U1F1E9\U1F1F2
ğŸ‡©ğŸ‡´,Dominican Republic,\U1F1E9\U1F1F4
ğŸ‡ªğŸ‡¨,Ecuador,\U1F1EA\U1F1E8
ğŸ‡ªğŸ‡¬,Egypt,\U1F1EA\U1F1EC
ğŸ‡¸ğŸ‡»,El Salvador,\U1F1F8\U1F1FB
ğŸ´ó §ó ¢ó ¥ó ®ó §ó ¿,England,\U1F3F4\UE0067\UE0062\UE0065\UE006E\UE0067\UE007F
ğŸ‡¬ğŸ‡¶,Equatorial Guinea,\U1F1EC\U1F1F6
ğŸ‡ªğŸ‡·,Eritrea,\U1F1EA\U1F1F7
ğŸ‡ªğŸ‡ª,Estonia,\U1F1EA\U1F1EA
ğŸ‡¸ğŸ‡¿,Eswatini (Swaziland),\U1F1F8\U1F1FF
ğŸ‡ªğŸ‡¹,Ethiopia,\U1F1EA\U1F1F9
ğŸ‡«ğŸ‡°,Falkland Islands,\U1F1EB\U1F1F0
ğŸ‡«ğŸ‡´,Faroe Islands,\U1F1EB\U1F1F4
ğŸ‡«ğŸ‡¯,Fiji,\U1F1EB\U1F1EF
ğŸ‡«ğŸ‡®,Finland,\U1F1EB\U1F1EE
ğŸ‡«ğŸ‡·,France,\U1F1EB\U1F1F7
ğŸ‡¬ğŸ‡«,French Guiana,\U1F1EC\U1F1EB
ğŸ‡µğŸ‡«,French Polynesia,\U1F1F5\U1F1EB
ğŸ‡¹ğŸ‡«,French Southern and Antarctic Lands,\U1F1F9\U1F1EB
ğŸ‡¬ğŸ‡¦,Gabon,\U1F1EC\U1F1E6
ğŸ‡¬ğŸ‡²,Gambia,\U1F1EC\U1F1F2
ğŸ‡¬ğŸ‡ª,Georgia,\U1F1EC\U1F1EA
ğŸ‡©ğŸ‡ª,Germany,\U1F1E9\U1F1EA
ğŸ‡¬ğŸ‡­,Ghana,\U1F1EC\U1F1ED
ğŸ‡¬ğŸ‡®,Gibraltar,\U1F1EC\U1F1EE
ğŸ‡¬ğŸ‡·,Greece,\U1F1EC\U1F1F7
ğŸ‡¬ğŸ‡±,Greenland,\U1F1EC\U1F1F1
ğŸ‡¬ğŸ‡©,Grenada,\U1F1EC\U1F1E9
ğŸ‡¬ğŸ‡µ,Guadeloupe,\U1F1EC\U1F1F5
ğŸ‡¬ğŸ‡º,Guam,\U1F1EC\U1F1FA
ğŸ‡¬ğŸ‡¹,Guatemala,\U1F1EC\U1F1F9
ğŸ‡¬ğŸ‡¬,Guernsey,\U1F1EC\U1F1EC
ğŸ‡¬ğŸ‡³,Guinea,\U1F1EC\U1F1F3
ğŸ‡¬ğŸ‡¼,Guinea-Bissau,\U1F1EC\U1F1FC
ğŸ‡¬ğŸ‡¾,Guyana,\U1F1EC\U1F1FE
ğŸ‡­ğŸ‡¹,Haiti,\U1F1ED\U1F1F9
ğŸ‡­ğŸ‡²,Heard Island and McDonald Islands,\U1F1ED\U1F1F2
ğŸ‡­ğŸ‡³,Honduras,\U1F1ED\U1F1F3
ğŸ‡­ğŸ‡°,Hong Kong,\U1F1ED\U1F1F0
ğŸ‡­ğŸ‡º,Hungary,\U1F1ED\U1F1FA
ğŸ‡®ğŸ‡¸,Iceland,\U1F1EE\U1F1F8
ğŸ‡®ğŸ‡³,India,\U1F1EE\U1F1F3
ğŸ‡®ğŸ‡©,Indonesia,\U1F1EE\U1F1E9
ğŸ‡®ğŸ‡·,Iran,\U1F1EE\U1F1F7
ğŸ‡®ğŸ‡¶,Iraq,\U1F1EE\U1F1F6
ğŸ‡®ğŸ‡ª,Ireland,\U1F1EE\U1F1EA
ğŸ‡®ğŸ‡²,Isle of Man,\U1F1EE\U1F1F2
ğŸ‡®ğŸ‡±,Israel,\U1F1EE\U1F1F1
ğŸ‡®ğŸ‡¹,Italy,\U1F1EE\U1F1F9
ğŸ‡¯ğŸ‡²,Jamaica,\U1F1EF\U1F1F2
ğŸ‡¯ğŸ‡µ,Japan,\U1F1EF\U1F1F5
ğŸ‡¯ğŸ‡ª,Jersey,\U1F1EF\U1F1EA
ğŸ‡¯ğŸ‡´,Jordan,\U1F1EF\U1F1F4
ğŸ‡°ğŸ‡¿,Kazakhstan,\U1F1F0\U1F1FF
ğŸ‡°ğŸ‡ª,Kenya,\U1F1F0\U1F1EA
ğŸ‡°ğŸ‡®,Kiribati,\U1F1F0\U1F1EE
ğŸ‡°ğŸ‡µ,North Korea,\U1F1F0\U1F1F5
ğŸ‡°ğŸ‡·,South Korea,\U1F1F0\U1F1F7
ğŸ‡½ğŸ‡°,Kosovo,\U1F1FD\U1F1F0
ğŸ‡°ğŸ‡¼,Kuwait,\U1F1F0\U1F1FC
ğŸ‡°ğŸ‡¬,Kyrgyzstan,\U1F1F0\U1F1EC
ğŸ‡±ğŸ‡¦,Laos,\U1F1F1\U1F1E6
ğŸ‡±ğŸ‡»,Latvia,\U1F1F1\U1F1FB
ğŸ‡±ğŸ‡§,Lebanon,\U1F1F1\U1F1E7
ğŸ‡±ğŸ‡¸,Lesotho,\U1F1F1\U1F1F8
ğŸ‡±ğŸ‡·,Liberia,\U1F1F1\U1F1F7
ğŸ‡±ğŸ‡¾,Libya,\U1F1F1\U1F1FE
ğŸ‡±ğŸ‡®,Liechtenstein,\U1F1F1\U1F1EE
ğŸ‡±ğŸ‡¹,Lithuania,\U1F1F1\U1F1F9
ğŸ‡±ğŸ‡º,Luxembourg,\U1F1F1\U1F1FA
ğŸ‡²ğŸ‡´,Macau,\U1F1F2\U1F1F4
ğŸ‡²ğŸ‡¬,Madagascar,\U1F1F2\U1F1EC
ğŸ‡²ğŸ‡¼,Malawi,\U1F1F2\U1F1FC
ğŸ‡²ğŸ‡¾,Malaysia,\U1F1F2\U1F1FE
ğŸ‡²ğŸ‡»,Maldives,\U1F1F2\U1F1FB
ğŸ‡²ğŸ‡±,Mali,\U1F1F2\U1F1F1
ğŸ‡²ğŸ‡¹,Malta,\U1F1F2\U1F1F9
ğŸ‡²ğŸ‡­,Marshall Islands,\U1F1F2\U1F1ED
ğŸ‡²ğŸ‡¶,Martinique,\U1F1F2\U1F1F6
ğŸ‡²ğŸ‡·,Mauritania,\U1F1F2\U1F1F7
ğŸ‡²ğŸ‡º,Mauritius,\U1F1F2\U1F1FA
ğŸ‡¾ğŸ‡¹,Mayotte,\U1F1FE\U1F1F9
ğŸ‡²ğŸ‡½,Mexico,\U1F1F2\U1F1FD
ğŸ‡«ğŸ‡²,Micronesia,\U1F1EB\U1F1F2
ğŸ‡²ğŸ‡©,Moldova,\U1F1F2\U1F1E9
ğŸ‡²ğŸ‡¨,Monaco,\U1F1F2\U1F1E8
ğŸ‡²ğŸ‡³,Mongolia,\U1F1F2\U1F1F3
ğŸ‡²ğŸ‡ª,Montenegro,\U1F1F2\U1F1EA
ğŸ‡²ğŸ‡¸,Montserrat,\U1F1F2\U1F1F8
ğŸ‡²ğŸ‡¦,Morocco,\U1F1F2\U1F1E6
ğŸ‡²ğŸ‡¿,Mozambique,\U1F1F2\U1F1FF
ğŸ‡²ğŸ‡²,Myanmar,\U1F1F2\U1F1F2
ğŸ‡³ğŸ‡¦,Namibia,\U1F1F3\U1F1E6
ğŸ‡³ğŸ‡·,Nauru,\U1F1F3\U1F1F7
ğŸ‡³ğŸ‡µ,Nepal,\U1F1F3\U1F1F5
ğŸ‡³ğŸ‡±,Netherlands,\U1F1F3\U1F1F1
ğŸ‡³ğŸ‡¨,New Caledonia,\U1F1F3\U1F1E8
ğŸ‡³ğŸ‡¿,New Zealand,\U1F1F3\U1F1FF
ğŸ‡³ğŸ‡®,Nicaragua,\U1F1F3\U1F1EE
ğŸ‡³ğŸ‡ª,Niger,\U1F1F3\U1F1EA
ğŸ‡³ğŸ‡¬,Nigeria,\U1F1F3\U1F1EC
ğŸ‡³ğŸ‡º,Niue,\U1F1F3\U1F1FA
ğŸ‡³ğŸ‡«,Norfolk Island,\U1F1F3\U1F1EB
ğŸ‡²ğŸ‡°,North Macedonia,\U1F1F2\U1F1F0
ğŸ‡²ğŸ‡µ,Northern Mariana Islands,\U1F1F2\U1F1F5
ğŸ‡³ğŸ‡´,Norway,\U1F1F3\U1F1F4
ğŸ‡´ğŸ‡²,Oman,\U1F1F4\U1F1F2
ğŸ‡µğŸ‡°,Pakistan,\U1F1F5\U1F1F0
ğŸ‡µğŸ‡¼,Palau,\U1F1F5\U1F1FC
ğŸ‡µğŸ‡¸,Palestine,\U1F1F5\U1F1F8
ğŸ‡µğŸ‡¦,Panama,\U1F1F5\U1F1E6
ğŸ‡µğŸ‡¬,Papua New Guinea,\U1F1F5\U1F1EC
ğŸ‡µğŸ‡¾,Paraguay,\U1F1F5\U1F1FE
ğŸ‡µğŸ‡ª,Peru,\U1F1F5\U1F1EA
ğŸ‡µğŸ‡­,Philippines,\U1F1F5\U1F1ED
ğŸ‡µğŸ‡³,Pitcairn Islands,\U1F1F5\U1F1F3
ğŸ‡µğŸ‡±,Poland,\U1F1F5\U1F1F1
ğŸ‡µğŸ‡¹,Portugal,\U1F1F5\U1F1F9
ğŸ‡µğŸ‡·,Puerto Rico,\U1F1F5\U1F1F7
ğŸ‡¶ğŸ‡¦,Qatar,\U1F1F6\U1F1E6
ğŸ‡·ğŸ‡ª,RÃ©union,\U1F1F7\U1F1EA
ğŸ‡·ğŸ‡´,Romania,\U1F1F7\U1F1F4
ğŸ‡·ğŸ‡º,Russia,\U1F1F7\U1F1FA
ğŸ‡·ğŸ‡¼,Rwanda,\U1F1F7\U1F1FC
ğŸ‡§ğŸ‡±,Saint BarthÃ©lemy,\U1F1E7\U1F1F1
ğŸ‡¸ğŸ‡­,"Saint Helena, Ascension and Tristan da Cunha",\U1F1F8\U1F1ED
ğŸ‡°ğŸ‡³,Saint Kitts and Nevis,\U1F1F0\U1F1F3
ğŸ‡±ğŸ‡¨,Saint Lucia,\U1F1F1\U1F1E8
ğŸ‡²ğŸ‡«,Saint Martin,\U1F1F2\U1F1EB
ğŸ‡µğŸ‡²,Saint Pierre and Miquelon,\U1F1F5\U1F1F2
ğŸ‡»ğŸ‡¨,Saint Vincent and the Grenadines,\U1F1FB\U1F1E8
ğŸ‡¼ğŸ‡¸,Samoa,\U1F1FC\U1F1F8
ğŸ‡¸ğŸ‡²,San Marino,\U1F1F8\U1F1F2
ğŸ‡¸ğŸ‡¹,SÃ£o TomÃ© and PrÃ­ncipe,\U1F1F8\U1F1F9
ğŸ‡¸ğŸ‡¦,Saudi Arabia,\U1F1F8\U1F1E6
ğŸ´ó §ó ¢ó ³ó £ó ´ó ¿,Scotland,\U1F3F4\UE0067\UE0062\UE0073\UE0063\UE0074\UE007F
ğŸ‡¸ğŸ‡³,Senegal,\U1F1F8\U1F1F3
ğŸ‡·ğŸ‡¸,Serbia,\U1F1F7\U1F1F8
ğŸ‡¸ğŸ‡¨,Seychelles,\U1F1F8\U1F1E8
ğŸ‡¸ğŸ‡±,Sierra Leone,\U1F1F8\U1F1F1
ğŸ‡¸ğŸ‡¬,Singapore,\U1F1F8\U1F1EC
ğŸ‡¸ğŸ‡½,Sint Maarten,\U1F1F8\U1F1FD
ğŸ‡¸ğŸ‡°,Slovakia,\U1F1F8\U1F1F0
ğŸ‡¸ğŸ‡®,Slovenia,\U1F1F8\U1F1EE
ğŸ‡¸ğŸ‡§,Solomon Islands,\U1F1F8\U1F1E7
ğŸ‡¸ğŸ‡´,Somalia,\U1F1F8\U1F1F4
ğŸ‡¿ğŸ‡¦,South Africa,\U1F1FF\U1F1E6
ğŸ‡¬ğŸ‡¸,South Georgia,\U1F1EC\U1F1F8
ğŸ‡¸ğŸ‡¸,South Sudan,\U1F1F8\U1F1F8
ğŸ‡ªğŸ‡¸,Spain,\U1F1EA\U1F1F8
ğŸ‡±ğŸ‡°,Sri Lanka,\U1F1F1\U1F1F0
ğŸ‡¸ğŸ‡©,Sudan,\U1F1F8\U1F1E9
ğŸ‡¸ğŸ‡·,Suriname,\U1F1F8\U1F1F7
ğŸ‡¸ğŸ‡¯,Svalbard and Jan Mayen,\U1F1F8\U1F1EF
ğŸ‡¸ğŸ‡ª,Sweden,\U1F1F8\U1F1EA
ğŸ‡¨ğŸ‡­,Switzerland,\U1F1E8\U1F1ED
ğŸ‡¸ğŸ‡¾,Syria,\U1F1F8\U1F1FE
ğŸ‡¹ğŸ‡¼,Taiwan,\U1F1F9\U1F1FC
ğŸ‡¹ğŸ‡¯,Tajikistan,\U1F1F9\U1F1EF
ğŸ‡¹ğŸ‡¿,Tanzania,\U1F1F9\U1F1FF
ğŸ‡¹ğŸ‡­,Thailand,\U1F1F9\U1F1ED
ğŸ‡¹ğŸ‡±,Timor-Leste,\U1F1F9\U1F1F1
ğŸ‡¹ğŸ‡¬,Togo,\U1F1F9\U1F1EC
ğŸ‡¹ğŸ‡°,Tokelau,\U1F1F9\U1F1F0
ğŸ‡¹ğŸ‡´,Tonga,\U1F1F9\U1F1F4
ğŸ‡¹ğŸ‡¹,Trinidad and Tobago,\U1F1F9\U1F1F9
ğŸ‡¹ğŸ‡³,Tunisia,\U1F1F9\U1F1F3
ğŸ‡¹ğŸ‡·,Turkey,\U1F1F9\U1F1F7
ğŸ‡¹ğŸ‡²,Turkmenistan,\U1F1F9\U1F1F2
ğŸ‡¹ğŸ‡¨,Turks and Caicos Islands,\U1F1F9\U1F1E8
ğŸ‡¹ğŸ‡»,Tuvalu,\U1F1F9\U1F1FB
ğŸ‡ºğŸ‡¬,Uganda,\U1F1FA\U1F1EC
ğŸ‡ºğŸ‡¦,Ukraine,\U1F1FA\U1F1E6
ğŸ‡¦ğŸ‡ª,United Arab Emirates,\U1F1E6\U1F1EA
ğŸ‡¬ğŸ‡§,United Kingdom,\U1F1EC\U1F1E7
ğŸ‡ºğŸ‡¸,United States,\U1F1FA\U1F1F8
ğŸ‡ºğŸ‡²,United States Minor Outlying Islands,\U1F1FA\U1F1F2
ğŸ‡ºğŸ‡¾,Uruguay,\U1F1FA\U1F1FE
ğŸ‡ºğŸ‡¿,Uzbekistan,\U1F1FA\U1F1FF
ğŸ‡»ğŸ‡º,Vanuatu,\U1F1FB\U1F1FA
ğŸ‡»ğŸ‡¦,Vatican City (Holy See),\U1F1FB\U1F1E6
ğŸ‡»ğŸ‡ª,Venezuela,\U1F1FB\U1F1EA
ğŸ‡»ğŸ‡³,Vietnam,\U1F1FB\U1F1F3
ğŸ‡»ğŸ‡¬,British Virgin Islands,\U1F1FB\U1F1EC
ğŸ‡»ğŸ‡®,United States Virgin Islands,\U1F1FB\U1F1EE
ğŸ´ó §ó ¢ó ·ó ¬ó ³ó ¿,Wales,\U1F3F4\UE0067\UE0062\UE0077\UE006C\UE0073\UE007F
ğŸ‡¼ğŸ‡«,Wallis and Futuna,\U1F1FC\U1F1EB
ğŸ‡ªğŸ‡­,Western Sahara,\U1F1EA\U1F1ED
ğŸ‡¾ğŸ‡ª,Yemen,\U1F1FE\U1F1EA
ğŸ‡¿ğŸ‡²,Zambia,\U1F1FF\U1F1F2
ğŸ‡¿ğŸ‡¼,Zimbabwe,\U1F1FF\U1F1FC